{
    "1": {
        "contrast": {
            "b": -0.619,
            "g": -0.488,
            "r": -0.41
        },
        "covariance_matrix": [
            [
                0.0013943143006492676,
                0.00024207378573973105,
                0.00024184476277919748
            ],
            [
                0.000242073785739731,
                0.0005207458967562658,
                0.00045642081410816925
            ],
            [
                0.00024184476277919748,
                0.00045642081410816914,
                0.0005950272179639346
            ]
        ]
    },
    "2": {
        "contrast": {
            "b": -0.835,
            "g": -0.778,
            "r": -0.677
        },
        "covariance_matrix": [
            [
                0.0020108030509171934,
                -9.938319875447633e-05,
                -0.00017232931228820038
            ],
            [
                -9.938319875447633e-05,
                0.00027415209079014987,
                0.0002493094252088817
            ],
            [
                -0.00017232931228820038,
                0.0002493094252088817,
                0.0004632112261627669
            ]
        ]
    },
    "3": {
        "contrast": {
            "b": -0.838,
            "g": -0.907,
            "r": -0.843
        },
        "covariance_matrix": [
            [
                0.0032254118247220386,
                0.0005764778548118365,
                3.0753043102048604e-05
            ],
            [
                0.0005764778548118365,
                0.00022828265192260266,
                8.69668923238298e-05
            ],
            [
                3.0753043102048604e-05,
                8.69668923238298e-05,
                0.0002732799231767135
            ]
        ]
    }
}