{
    "1": {
        "contrast": {
            "b": -0.071,
            "g": -0.14,
            "r": -0.137
        },
        "covariance_matrix": [
            [
                0.0004369070881341831,
                0.0001344255031634153,
                3.640871553385169e-05
            ],
            [
                0.0001344255031634153,
                0.00023107833499992508,
                9.354030315496939e-05
            ],
            [
                3.640871553385169e-05,
                9.354030315496939e-05,
                0.00033202441659125855
            ]
        ]
    },
    "2": {
        "contrast": {
            "b": -0.152,
            "g": -0.264,
            "r": -0.248
        },
        "covariance_matrix": [
            [
                0.000832873229533867,
                0.00025254658263370233,
                -0.00011751135771427794
            ],
            [
                0.00025254658263370233,
                0.00023699064958684844,
                2.0305654741674946e-05
            ],
            [
                -0.00011751135771427794,
                2.0305654741674946e-05,
                0.0003183233386795013
            ]
        ]
    },
    "3": {
        "contrast": {
            "b": -0.216,
            "g": -0.368,
            "r": -0.347
        },
        "covariance_matrix": [
            [
                0.0013438145132320875,
                0.0003876553710589907,
                -0.00017056175302890283
            ],
            [
                0.0003876553710589907,
                0.0002782471035049323,
                1.5671356060733685e-06
            ],
            [
                -0.00017056175302890283,
                1.5671356060733712e-06,
                0.00030162588295737375
            ]
        ]
    },
    "4": {
        "contrast": {
            "b": -0.272,
            "g": -0.465,
            "r": -0.436
        },
        "covariance_matrix": [
            [
                0.0010399285512173952,
                0.000381282612464518,
                4.529938289991779e-05
            ],
            [
                0.000381282612464518,
                0.0002952529548842857,
                4.8838543916526784e-05
            ],
            [
                4.529938289991778e-05,
                4.883854391652679e-05,
                0.00021838337462458648
            ]
        ]
    }
}